userId,username,password
1,operatorthompson,q13cRijz
2,risecyclist,ICXVOsfA
3,velcrowoozy,koHMPQKo
4,scooterflagstaff,GhET7a55
5,whitingpropeller,8fPSVYhM
6,shortcutfryer,5gaLON94
7,cottonsouthampton,H_VE46m2
8,bobsledexpel,0oW$fBHL
9,greenishexuberant,Grxermmz
10,fiagclusters,1aKL9D1v
11,cartridgestrainer,B8Ymijwz
12,confronthaid,njiqULgs
13,elbowalveoli,KYAc78n0
14,unsubtleblakehope,xt45fX5I
15,alleeunethical,yYHBXYaj
16,helpingunsuitable,MDPrWTFG
17,buckcatfish,42QSO5eX
18,pegbisted,z0$FwPge
19,subzerooriental,i3$6FMUp
20,rimmedanimator,Ril8ltbo
21,dibidilfreeness,9whBG9RA
22,stickersimpossible,sOisfBLc
23,ligamentfencing,63SXiVki
24,gamemoritz,sxaVCvWF
25,roastemral,TLmIbabj
26,woodyrobbing,_Ql2M5oH
27,ricketydespite,q394Lw6A
28,onyxpattern,L_LQVeHo
29,deletionswagger,UeIwFqyk
30,responseitems,NnNur1zL
31,morallylucie,$q23aH0h
32,rearsatisfaction,LmLnRDEx
33,pocketstitus,Ff6vncCX
34,friskback,anh_Eqyo
35,chimneylean,s6Ibdo_s
36,tiarabento,OjzBPvpr
37,chiprighteous,8NrgIrp3
38,eskimoreiterate,APx4vqvX
39,pumpkincylinder,kvqrCtIF
40,residencyunguarded,VBsKNL1Y
41,bicyclinghelping,$_e1Y8SH
42,particularglare,4PDJLEYX
43,winkingcroak,Ol6cJ8Ar
44,fingerwiping,8$uH8EEu
45,passiongadget,R2KvATHS
46,agreeablerostrum,oPzDYYVK
47,rebuiltpromethium,KEdvCe87
48,educationkemosabe,7b8IWAgQ
49,blackwellmanpower,e60AHI5z
50,dudefountain,wFtChQQI
51,imaginessauces,L5oK_Phk
52,thogpurge,zIyRijy4
53,jorsepenguin,vbkMw7B0
54,operateblacket,Qlz75TYn
55,tearelieved,gEWOmGNV
56,genomereceipt,wXHEnh_F
57,minutesaxle,UgOM2aKF
58,cornflakepiall,izGkRLqf
59,pretensemolarity,vpmqOqVP
60,hardshipaffair,aXJQcKAH
61,comasenator,lQELQ$zj
62,dollararcuate,iggslcFq
63,moughgrating,Rm2IofJy
64,gaslighttennessee,XYYajN7s
65,flagshipdancer,ulXotT8g
66,iceskatesnappy,rarw$T5S
67,venuestwisting,6jrVNnMp
68,overlaborcriticize,wdmSNx53
69,hankietrekking,eW3BBo0z
70,vulturepriscilla,zelLqd9D
71,fractionzoey,hj4XuQpJ
72,flashbulbbishopdale,vuBeAKaQ
73,slowboysmite,MEVGFr37
74,idiotspotted,Xq6O6m4T
75,faithlessliscuits,42OJnXhL
76,discolorruthless,51Isyftt
77,admirablekrypton,eRbBYd0Y
78,wreckageelsewhere,1$DqzssD
79,rejoinunhidden,TdEgBKVx
80,surferfoam,qiVnxmYo
81,iveryfestival,GewFngX0
82,bardawn,lI$M_Gzd
83,espressolugged,3$5DF1q_
84,verticalblissful,8SJelLqd
85,moaningsubprime,PKqkdOS_
86,jonasaverage,dVzstIDd
87,poisonousjittery,VVQ1Iqoy
88,scaleproofs,OVoyu42Q
89,hertzcredit,hfgriSWf
90,snagsbylady,biBDwYMb
91,artoversold,unjgj1NF
92,magentaexemption,uiKsr8VX
93,yearspotlight,KEe3iupq
94,dreamlikeenamel,$S06ws0r
95,deftlyneuroma,dkENbMRW
96,varnishhender,Q9tVGH0f
97,carrotemulate,UWc1dcch
98,africansmoother,hY34cNS$
99,urchinlarboard,RRH$PnFI
100,graymarshcilantro,VTIUzu43
101,dealersenior,MnOzEdwH
102,daisydoading,20NHh7yu
103,gatherfrida,n8jhnKgu
104,greaseprooffolic,TpBsIHxR
105,whizzerforsaken,iFVE47pH
106,zeppelinexpel,jzEdu7HU
107,gruebycounselor,MsleQ_3x
108,explainpiall,Uo5PDKRb
109,blindbory,U16rUGI7
110,browniandifficult,MVsMaJEd
111,doveoasis,Bp5P9295
112,dwindlinghoff,yW8XfHm$
113,amnioticconfidant,1EWL_MTh
114,rectifyhaffes,F1qauBeA
115,giganticspids,1eei7sS6
116,consequencegateau,e5uiKw8K
117,valuableswinged,7O1NHfyL
118,eclipsefloss,jfcW9fNI
119,subplotchevington,UytxaYPp
120,unlockarmenian,fgsldK88
121,medkitthump,hUlpK$ID
122,moscowoverlap,w41JvBYb
123,parpneatly,OghvvKJ1
124,museupstage,yX8YjYvU
125,lemondispute,oNre9Bwc
126,sleetysuspicious,Nl8mz2ed
127,creatablemembers,FAYd3j1K
128,doveeastbound,4SVat9Yf
129,abilitypowdered,085Ub1ix
130,radiantthat,jH_XOmB1
131,artdorado,GvGyYF40
132,imagingrunning,DjSVawMP
133,directorornery,1nNvvI7A
134,moopybanked,V6Vc2mGO
135,droningelliot,bNTeNJsu
136,capstandeceased,k1GjMzNI
137,cleepflare,OIh806sY
138,whiskersimpatient,LkC8WeAJ
139,nothinggeodesic,zShcRl08
140,apricotdesire,FN_EopCt
141,spewpaternal,kQLqgMAC
142,tiffeyzone,ImVauFuI
143,educatorbungee,nHPbJ9HP
144,pillchess,SyxHyW7R
145,embossfulse,Ub2nMoSG
146,jinnerburn,7LoVUNqa
147,difficultzoe,3InYkbFn
148,spurstift,4hk6hd$I
149,pomorlalogs,K87cFmb9
150,wackedright,y5xzX7SK
151,zodiacpursuant,KTo6Ub1k
152,boilanother,Qkwt7Msl
153,othergrace,lVd9FFvM
154,nylonswimming,tnjkz8As
155,unbakedtartness,23cPaCfC
156,plaredstunned,NJtx$QnE
157,sweetsjuvenile,XgM81BHJ
158,fatpossible,3M6qOoOw
159,agedunveiled,wf1$9VX_
160,jumperloophole,vDiSXhRT
161,complainedrefold,P6kvnhWw
162,basallist,d1egvzeh
163,unnervinglean,U9idUwf1
164,epiloguedefile,S7fRbEkU
165,overcastglazed,Y$dwGt8T
166,koalahostler,jx0eguwS
167,theamystubble,phUjghtn
168,citrusprotract,5YuLSdJ5
169,stokereproduce,R9qE2yAO
170,plethorascented,gEXRz609
171,apostropherirst,dzSkpNnL
172,owesiemens,RbEkWkeT
173,staysarise,4ipULi2R
174,sunburnsaloon,kO7qNj2P
175,turbulentcountless,qQ1Gg6ta
176,giftgogs,jscuBbxQ
177,neighdurdles,JDXVLfjA
178,discdepression,eMEYT7gW
179,shadingdrinking,gHkPCDuO
180,musicgreeting,VtRyyOS_
181,yellowmembers,_cqnuaey
182,naturalbruno,TD5EKPWn
183,artistsgerbil,eca$T7_1
184,ignoranthandsomely,VxiCHDgE
185,steamgodfrey,plm4RP91
186,certifiedgiglet,jmD7O4bJ
187,saxophoneunsnap,MPOA8a3v
188,ropingenthralled,We9E8RCB
189,pennyglutton,BF5B28xs
190,marshmadame,3k5$32S$
191,radicandpreserve,ElbBWUIS
192,desktopwestern,L88h_Bbz
193,cheesescurse,kkxyUu$V
194,tartemuttonnew,QnC0u0j5
195,emubitbucket,WuV9gSdK
196,racegoil,U$qxi92C
197,dowdyfollowing,7Yno9jge
198,bibesyemployee,pzu1nOyB
199,sodiumdiscourse,mWhOHdrp
200,penumbrafatso,rtJKAHKH
201,gookerspy,H3rbuB_o
202,sturdycrowd,mg_Gzdh0
203,proposereload,FAas36n7
204,humdrumskoards,MoRDCmjp
205,jasminegothic,lXmn4N80
206,bamboophone,A7Xmn2Gd
207,secretariatshady,SijvuEot
208,banistergesture,iTb4y8At
209,beauregardsavanna,p5N3cP$2
210,smokerunblessed,BR5Woyst
211,gamanchovy,TRDEtIDa
212,voidmilo,us7P6lxv
213,elmtrack,HSqMedgx
214,sloppymach,Lj7pD33_
215,repentbiopsy,xDf87dGp
216,herbicidemasculine,8XhPJnWb
217,sealpunctual,Ril5a9Oy
218,zoningunspoiled,e9FFuH7C
219,unmovableroof,IjENcTrQ
220,saffronperish,on2Gaev9
221,lightbulbopen,3OGXKUuW
222,rottingheading,kH_VF8P2
223,identifykilmaluag,z72Jrozu
224,desktopfunds,nURDBj$3
225,avatarkindly,8KfqgIt1
226,fannyratty,4y8D5HYK
227,formedyard,$iN91ACw
228,spookyuniversal,w50Fdv8M
229,cabotoverfed,lm5T$oqE
230,washhousewagic,yswXE0pY
231,absencedionard,7jk0Eag9
232,puzzledtrouble,XS6a6DAf
233,paceshelving,$JGprF6E
234,ethanoatemiddle,cqrCrBlk
235,gripingsantander,m2Jrq4EQ
236,mindlesspatriot,$zh0LAGG
237,bunkmatealpine,itmgVtRv
238,layidentify,zEbqq8ay
239,dustershifter,2fgtr38v
240,cowardreign,WJP_59xl
241,mouthguardinverianvie,lpGH4ups
242,tiedrum,1M96$vOa
243,protegeekershope,aFuIBUK_
244,unkemptdutiful,B7WeAIRj
245,carltennis,SpFDkYvU
246,quarterspliocene,3cNTeK5t
247,testpettiness,elNx7Awf
248,blingferocity,BS8kqR1I
249,vegetableplatinum,xmTQ8qHH
250,millyexternal,OhpSC6Nz
251,parkwaypimpy,MPLzNM4k
252,iodizepoise,5KlKmMut
253,kaputsitter,c1ix76dK
254,sourceimbecile,M2_BeAIQ
255,recoilrydal,yPXrCq4G
256,speedury,DsCpztxX
257,railingyeer,iRTTO0Jy
258,sirenlevitate,djB8$q22
259,semisoftgaseous,MuwQkulW
260,bitebicycle,c8D5Ibab
261,filmrunning,T8eMGg6r
262,hourglasscornish,Py77dKAH
263,bippedsmellfungus,6MuwPdSn
264,solutiongoggles,EU9lpJUx
265,emancipatevoop,icP_8OyA
266,principlerational,WwciDKOT
267,mithersdigby,vnieYDtH
268,dancingimplosion,bNTdIyQb
269,electablewuggly,4qTD9War
270,eyedropperbuttercup,wPaEnltb
271,redundantpanders,R3QO6pGI
272,nastilycisco,k_6C6PB7
273,samsubscript,lhcUzyJ6
274,moduloclothing,15l1FbkP
275,motionlessindiscreet,h0MCMbU0
276,acclaimwasket,ysuMWxh6
277,absorbbakery,BgKzTo4P
278,prairiegenetic,3lAypeGk
279,basisrevision,qmm1FYVG
280,greanjoliette,WzoawO_9
281,surgeonfluff,tVFDjUeG
282,clubhouseyard,rTC22Xyh
283,tamermarshland,rIMJwGs5
284,homecube,YydmSJdj
285,difficultjet,$alTXd4t
286,exhaustcommotion,9D2yDbrt
287,shadycoral,a0j6hfhx
288,overshotposh,OhnLlHW9
289,grayperjump,hnLi0L98
290,flippantrake,OfgqbwJC
291,intrusionsit,ynWc3qXX
292,bitherstoneharlem,jYzlHXII
293,blandnessgermanium,i93DPnFI
294,mothersworship,qynUUNsj
295,scarforrin,as5DF1nR
296,boeingsurf,H67iir_m
297,shunderyexquisite,ySn5VfIt
298,hunttremolo,9JXBjcNQ
299,sinfulbaffin,R_2tpv_X
300,combinejoint,Ap8a0hx7
301,drawerpennines,OdV12$Be
302,minutetirry,pYe85Xmp
303,virusbread,ik4YwV8c
304,berkeliumboiled,Yq4ENaKH
305,vitaminssimba,I68o5TXh
306,daffycolorado,_blPDHDh
307,wholecaution,9i_CiSWh
308,georgiaatrocious,TUSHRpIQ
309,madisonbriggs,_I8GLNJq
310,glowwormblare,JnYldLDX
311,duckybruised,EaiHeu0m
312,pulleykinglass,5KnRGRpJ
313,videoabrupt,PcLGlTUS
314,westernslingshot,pFCeBNlB
315,oatimportance,0mOzIsxe
316,locustlucrum,kFMX1xCY
317,listenhula,Uc8EDoqH
318,ablazeearphone,vYQukUay
319,corvusoutsell,R$uJFneL
320,strippedovertly,Pl8mwohW
321,lenscharging,KReRfUrJ
322,licketoutfield,3rcxLIru
323,mattedarm,rd3nHRoA
324,bufitaneptunium,lN1R$yaV
325,fitprotozoan,HkLw7B24
326,solariswestfield,DKPXp293
327,crummiestmonkeys,E8SJceqg
328,monitorsidentical,B13dSn4P
329,markscombine,9CykFPl4
330,trektapioca,7C6O3$47
331,labcoatbala,CVKaRrR3
332,drateanodising,VauGzaTz
333,cloningbobsled,pjcMOHh7
334,slackscamp,M6ug97b6
335,preseasonjog,xTvf1$9W
336,lilypadraffle,bestIBUI
337,velcroobscene,ug84N4in
338,cooklandlady,PhlB26pI
339,foggyplaces,WMiyAKYF
340,marleycopy,jvprE1qb
341,unguidedtemminck,S7gVrJNO
342,eleanorcomplained,Fg95RN1S
343,stairsplanca,1OIiBBnw
344,infamoussnuggle,hnIYHEiO
345,celebratedpestle,nqHKCVMi
346,litchedsoil,DXS7fTig
347,glorifiedplatform,_drsG7D9
348,mutilatorfavored,0yIzW25m
349,aflutterbakewell,djCEzguy
350,capesnowplow,J$LTkpK_
351,paintbrushamoeba,VQ4$1qeA
352,unquoteaffected,QDEycdnV
353,shitepagan,p8c9JXAg
354,jauntfast,BkgbQinH
355,jinxearing,keSks_f5
356,deserveariel,7m4PG$U8
357,sleatcolles,j5hhqYcw
358,zeppelinprozac,6NzJxNPL
359,heavykermit,r5JjCDwV
360,spoilsmammogram,alTWauBb
361,astronomerstraw,JALcaYNd
362,bondwounds,VkioMkB3
363,bippingelectrode,ReNNBCvV
364,decalsequel,HJ78ihmE
365,routineedit,g1Y37rRy
366,selldrugs,Sxt1uvMP
367,ludibriouscomplex,JK61EXPt
368,scrubyemeni,6Kh3$48v
369,ironseject,MzJzW12Y
370,broomprofess,uA$lbAR7
371,ampledevice,9o2EU9id
372,purseagile,acmVatAa
373,gravycamping,DBiWq8Ym
374,acousticcaricks,YQvmcC_j
375,leadershipmighty,s9XcyUuY
376,greyhoundshuttle,Gs6Ibbdq
377,judgmentallimits,vVBsG6C9
378,lockyeah,IV3Gaacn
379,jobuncooked,9TKhzFiJ
380,gilldisallow,vObLL4oK
381,kindlechaplain,daYLY9Xe
382,roomsniff,pX$iLxEi
383,shrughinity,rYbqsG9Q
384,politicalimmodest,1bOaHzbV
385,sunglassesfinancial,xBTHQjrY
386,colerelax,xt58rPqS
387,arenadisparity,z72HhA8d
388,plancapreseason,wyXCnqHH
389,clayzirconium,TRDFzgw4
390,snidbrownlow,oURAwh8y
391,hamburgercrank,_3yBR6bD
392,racedress,Jh3bMNGd
393,stewtatshenshini,UAo195ST
394,biffuncolored,eEamXlhf
395,fixedspoon,0NEVGGwP
396,snaggedeuropium,II1hre8A
397,aflutterlikely,edermkrV
398,faucetshone,fL4oHPcN
399,merryleopard,twTzxJ62
400,westminstersilly,4k1Iqnub
401,seadaffodil,zoXfE_cp
402,dominoesviolin,8hcTqL$F
403,raisinair,sXWPumeM
404,husclesaskatchewan,LCPukVfJ
405,wheatcommittee,03ipUNpT
406,enrollscientist,KgtsAd9F
407,gongchlorite,msVGGxV2
408,chooddarkened,tBeDXUEA
409,parpgrumble,w_YR09An
410,adamantnintendo,XrCr8$r4
411,treblekimono,PSSO0L7y
412,geckolucknow,NFVE34dP
413,monarevenue,mpHLJzSh
414,cringlingcoil,lP9yt1pW
415,uraniumoptimal,cWAhUibL
416,selfrummage,JmSMrfFe
417,invoicetrotting,DBgL5sYX
418,cockyamused,XrBlik3S
419,bisondeserted,zEdv9R9r
420,flowsludicrous,LxFmdI0$
421,kemosabejottish,IU282DPp
422,cloughcardigan,0c$Pl2OE
423,clarrikerwrecking,epaxTuaf
424,blatancyvireo,x4sbt5CA
425,chanceyouth,AUOx5z62
426,congratsblizzard,VsIJ61Gf
427,noddingdrudge,4dSn5TWc
428,durdleslarruped,po2BF6GO
429,cableunending,3jzCUE7O
430,cohabitatewatendlath,koGI8D9$
431,slavevalue,cpjdTpBq
432,designroman,Vas7Lqc1
433,pastiejames,VmoBvWF7
434,longdikefrash,aU5RNyEc
435,porridgeequatorial,31NIjHbf
436,lumbeywimp,2ODMaNY0
437,dociledescribed,OVlm4SVa
438,pissedlutetium,azcb_XL$
439,constablematch,cTrMcXEy
440,suspendbrushes,eDVJVztw
441,primaryhazelnut,BLaRnAtP
442,flightjury,$f98gVqD
443,belowbrake,Sm072Hg4
444,poundmyeloma,SQAzv8Jb
445,aerialyork,Tb52MA9k
446,spleenhushed,Q3Ui$5DF
447,babbleblade,X5KoXe87
448,broilingemail,wYPmAvYS
449,drayrandom,sx$Ofhuv
450,andwinks,SI_U5RO2
451,arodcosmic,8P5dOUhW
452,thorsulphuric,RrR4SYmj
453,drawingclover,NzK3ivvI
454,ocelotelderly,E46lwt5D
455,reconditescrand,bH1gp$kY
456,emitmeta,yIxLK2cT
457,obscenestringed,GPfbSubm
458,initialuttermost,ULizHojd
459,hydrasavage,DAeD_ezU
460,rabidmica,0gslcJ62
461,hullabaloofeeder,1EWMegv0
462,blueberriescadet,Ox5y60DS
463,solsticeanimal,RFOeYDsC
464,travelbeetle,PN4faQiq
465,snawleydeceive,ly4qTFH5
466,ferrethurler,RbBX_iLx
467,downtaps,YXUFDopD
468,fickenclaggers,9jiqWTFH
469,rhymeathlete,1rfDXUD5
470,paddingfussy,RRKkCEwX
471,tremblingcigarette,42PMzNKv
472,putgoring,DUEBc1hr
473,lippedkobe,k0BOpP0E
474,boccerename,iXwbbg3e
475,blatantlycrafty,ALca$Rvl
476,softbummin,sYYWNlC5
477,gravyunroll,eJzTm05s
478,microscopeblog,HRpGFs6M
479,dribbleventricle,c2htmeQX
480,trothasty,0hw2qXao
481,lendmarry,TMqbxRil
482,sedaterearing,BrF59uaf
483,fiscallyclippers,SeOODM_F
484,wigeoncoliseum,Ef5tcu8M
485,flasharsonist,h_Dnmxsx
486,rackears,76_57lws
487,kneelithium,bch6oFFt
488,watkinscheetcorn,l4Tb4x0b
489,aliasstressed,KkGV8b7C
490,poollawn,fgslfUo7
491,dumplingcarrot,oRB25jum
492,skeletondespite,sEzfqfIp
493,androidpierce,FwSqLbTw
494,appearancematuring,pll0BJRi
495,nizzyskipping,5GYMbQgc
496,wickhamload,bdpdAOpU
497,symbolsthriving,GvJCUGJB
498,emceedrafter,1aLON7tb
499,ladysupport,n_yYG55c
500,theodorestraw,XhOES1CN
501,soupfunnel,RI_S06vo
502,freethrowflop,nC4A5O9y
503,archerilliterate,mRFOcQf_
504,jointsnon,P3TeK4qS
505,sizablestollen,Nre76bBU
506,ardlewinking,T5Vc78jl
507,sphinxwillard,WiXtNbMO
508,impoundsternness,djEM$9Xe
509,unshacklejasper,TfNJpiXw
510,laringgenre,G43UhVp6
511,blakessusan,ExYKQaAS
512,cheshirelow,U9knAqE3
513,popinjayantelope,cKBPthJq
514,ickygoud,lWgOJnWd
515,faroutfrosting,Gbg7wpmp
516,nicotineimmature,4wwJCUHP
517,headedsteak,OA6SP7oA
518,silicahugging,dbXJPUhV
519,clustersassault,vXHGt8Q8
520,avogadrouptown,RimC6Lsl
521,gitwisconsin,CvV9hWtN
522,jedishadow,VFCiTa0i
523,outgoingten,HWDyenWa
524,gelsungloved,TKi3Y32W
525,wipecrested,Jrnu$WNl
526,patrickafrica,G3wzYG3v
527,dribblegillette,rWSAtRvk
528,startduce,G__YUD5D
529,coronarytrolley,4Xq6O6l1
530,imagineimplicit,pLfmKh2V
531,yuitymuch,VQ4XsF2u
532,delusionuncoated,rTAtRug8
533,bakedentries,gqeAKXAg
534,latexmural,BYbpmqLd
535,spongescolding,cV2BCsF4
536,unmaskedcoarse,ULi1QQKl
537,chestblot,1$9YhL3e
538,utilitiesholly,FewEkYtI
539,gaffcourt,TysvSvkP
540,shoemakerparp,7z2cV2A8
541,puristoncoming,ygxCYY$d
542,staticsvastness,OyANmEIA
543,evademacho,QHbg0SfT
544,curvedshattered,PPEOjx0c
545,oscillatorfestivity,UArE3yCU
546,niftycanadian,0WzrotVE
547,volcaniccheesecake,JYF2uuDo
548,censorharm,Sn6YtIBX
549,savibrowsing,vquT2FXP
550,obtainskintight,u2utBfGi
551,clastdomino,dyPYwXHD
552,hornsunpainted,wev6Awg2
553,playsabden,0grgJv7I
554,moleculecrumbly,Enie$HBX
555,peakhodgkin,TEAc4wwJ
556,bingerslulu,IodDY_f5
557,strighlyjawbreaker,VxlMyDct
558,laidraspberries,1_JC$dxI
559,unarmedmew,m5UayW7V
560,humpappraiser,QSQDDsFy
561,subwooferglobe,7Kgx9KbX
562,lilycrun,HATFJFlV
563,poutladder,SXhNDPoK
564,pumlumoncoaching,3gk6il8n
565,culpritheat,o9kky2k4
566,soddenresonance,_r0v41L4
567,sistoncolloquial,wMPQIdlO
568,dioriterebel,w1k9uXOo
569,pebblequeen,yALc_Svm
570,kyrabeat,_kUazbYK
571,virgoskies,K5te3ish
572,examplethose,u8P3Wp4J
573,quallingblental,vg5qR3PI
574,heartpulsetor,Wp5MxAR5
575,cohertcobweb,dQdMM6vk
576,gritdill,6yyReRcJ
577,montrealcartoon,x5zAK$Fz
578,earlobepayer,bBYaokl2
579,jackiehelpful,VPz8Bv_Y
580,absorbedjackson,rUE9Xe9D
581,brewsterblinker,pGI50DWM
582,omissionprofane,Tltcu58q
583,famehollocombe,cV27wofP
584,vestaleasgeary,TJYHC$hF
585,orderedbreast,xNOIkKnU
586,presswrite,XjWrDuNa
587,puffsmuffins,9E8Q8qKV
588,cheelreining,3ERws0qe
589,tupperwaretada,EwTwn$uG
590,ceteshotgun,G$Qs_f6w
591,stickrable,PLu1pWVS
592,refunddownhaul,Msk$0mMs
593,rockbandpaddleball,9zzRcGqx
594,unlockingoliver,e_KLAIPY
595,onlygraceful,FneOPG$U
596,bannernangin,lIdjBBll
597,dorsetgrilled,8qHH1iy9
598,titusdairy,sotRz5rW
599,kiosksponson,cbciCIJ4
600,mixtureconfidant,Xp0wBUJ$
601,splashumbrella,zPTYlfW1
602,ploomymotionless,aLMCPpOv
603,hawaiislashing,QOA6TSIa
604,noastedclouds,fQXoxlO8
605,landlesssetback,op9fLBHJ
606,fappedscrambled,AvdrnrOk
607,latexransack,mJch2Y2z
608,gamingfoxxy,iq$iN6qN
609,surferreputation,GQkz5ul$
610,cupcakeaugmented,X3904l2N
611,mossylincoln,pBuQoJUy
612,traitford,gmKh1ON7
613,favorableoffice,PGU7Yr7T
614,repenttaunt,mWfHm$tG
615,hastilytengmalm,01$Bd79o
616,fanfarejungle,3FWKVwg5
617,broadsmugly,olnBuVCw
618,yieldcarbine,hBF9Q6g_
619,wideenchanted,T7eLBMgq
620,gentrylanyard,UwjJmSJc
621,fishingraccoon,raolpIOW
622,supplymagma,sf88jfc_
623,trenchbite,hXyg0QWm
624,expelmorse,lJi5kvom
625,teethsystems,mjk1GjIk
626,pumlumonfluff,R8n5QIfw
627,rocketfragment,lMuxV5Kq
628,sandwichappend,msVIRiiu
629,enniguntied,lP8wkPCC
630,plazavessel,Yq27tYXQ
631,sizehelp,DJMIqp02
632,whizzerspooky,BbuBe9GF
633,disclaimerswallower,qhOJmRGU
634,subdivideunchain,0NFah8z2
635,cruelnessheavenly,fzPUc9Kc
636,speciescoil,sbrvWCsG
637,catemployer,9Yk$1pYh
638,invoicebowed,C22X0ttE
639,trousersbrownnose,pp8c8HSp
640,pentathlonresidences,M2Y35jr_
641,reamlazy,twSrPqWT
642,blastplay,Bp3HclP7
643,cookiesycamore,oEBc3oNr
644,artistsmoon,nVVSECj$
645,sickparasite,u8MoVTGN
646,parisbride,7bAR7kqO
647,obsessedtyke,Ipkil7jm
648,sobcut,W$kXnu$W
649,cadenzastyling,e87cEhHi
650,wretchedjot,ksakPENc
